Metric,Score
Accuracy,0.9322192855315884
Precision,0.7624475104979004
Recall,0.7610778443113773
